Name,Price
Short Dress,$24.99
Patterned Slacks,$29.99
Short Chiffon Dress,$49.99
Off-the-shoulder Dress,$59.99
V-neck Top,$24.99
Short Chiffon Dress,$49.99
V-neck Top,$24.99
V-neck Top,$24.99
Short Lace Dress,$59.99
Fitted Dress,$34.99
,
,
V-neck Jumpsuit,$69.99
Chiffon Dress,$54.99
Skinny High Waist Jeans,$39.99
Super Skinny High Jeans,$19.99
Oversized Denim Jacket,$19.99
Short Sweatshirt,$24.99
Long-sleeved Jersey Top,$12.99
Skinny High Waist Jeans,$39.99
Short Sweatshirt,$24.99
Long-sleeved Jersey Top,$12.99
,
,
Long-sleeved Jersey Top,$12.99
Jersey Dress,$19.99
Short Sweatshirt,$24.99
Crinkled Flounced Blouse,$24.99
Bib Overall Dress,$29.99
Loose-knit Sweater,$17.99
Skinny Regular Jeans,$29.99
Henley-style Top,$12.99
Joggers,$17.99
Skirt with Lacing,$34.99
,
,
Top with Tie,$17.99
Joggers,$34.99
Chiffon Dress with Flounce,$49.99
Skirt with Lacing,$34.99
V-neck Top,$9.99
Hooded Jacket,$29.99
Hooded Top,$29.99
Lyocell-blend Blouse,$34.99
Bib Overall Dress,$29.99
Wide-leg Pants,$34.99
,
,
Ankle-length Slim-fit Pants,$24.99
Short Sweatshirt,$9.99
V-neck Blouse,$17.99
Short Skirt,$24.99
Mesh T-shirt,$17.99
Blouse with Embroidery,$59.99
Wide-cut Cotton Top,$34.99
Pleated Skirt,$54.99
Coat,$69.99
Wide-leg Pants,$49.99
,
,
Top,$29.99
Knit Mohair-blend Sweater,$69.99
Dress,$69.99
T-shirt with Embroidery,$29.99
Blouse with Ruffled Collar,$49.99
Pants,$49.99
Jersey Dress,$19.99
T-shirt,$6.99
T-shirt,$6.99
Blazer,$49.99
,
,
